{
  "id": "4306650",
  "name": "heima",
  "font_family": "iconfont",
  "css_prefix_text": "icon-",
  "description": "",
  "glyphs": [
    {
      "icon_id": "33986993",
      "name": "举报",
      "font_class": "jubao",
      "unicode": "e61d",
      "unicode_decimal": 58909
    },
    {
      "icon_id": "33986995",
      "name": "安全保障",
      "font_class": "anquanbaozhang",
      "unicode": "e61e",
      "unicode_decimal": 58910
    },
    {
      "icon_id": "33986996",
      "name": "消息-置灰",
      "font_class": "xiaoxi-zhihui",
      "unicode": "e61f",
      "unicode_decimal": 58911
    },
    {
      "icon_id": "33986997",
      "name": "喜欢",
      "font_class": "xihuan",
      "unicode": "e620",
      "unicode_decimal": 58912
    },
    {
      "icon_id": "33986998",
      "name": "更多",
      "font_class": "gengduo",
      "unicode": "e621",
      "unicode_decimal": 58913
    },
    {
      "icon_id": "33986999",
      "name": "首页-置灰",
      "font_class": "shouye-zhihui",
      "unicode": "e622",
      "unicode_decimal": 58914
    },
    {
      "icon_id": "33987000",
      "name": "个人中心-置灰",
      "font_class": "gerenzhongxin-zhihui",
      "unicode": "e623",
      "unicode_decimal": 58915
    },
    {
      "icon_id": "33987001",
      "name": "看点-置灰",
      "font_class": "kandian-zhihui",
      "unicode": "e624",
      "unicode_decimal": 58916
    },
    {
      "icon_id": "33987002",
      "name": "返回",
      "font_class": "fanhui",
      "unicode": "e625",
      "unicode_decimal": 58917
    },
    {
      "icon_id": "33987012",
      "name": "验资完成",
      "font_class": "yanziwancheng",
      "unicode": "e626",
      "unicode_decimal": 58918
    },
    {
      "icon_id": "33987013",
      "name": "关闭",
      "font_class": "guanbi",
      "unicode": "e627",
      "unicode_decimal": 58919
    },
    {
      "icon_id": "33987014",
      "name": "分享",
      "font_class": "fenxiang",
      "unicode": "e628",
      "unicode_decimal": 58920
    },
    {
      "icon_id": "33987016",
      "name": "上传图片",
      "font_class": "shangchuantupian",
      "unicode": "e629",
      "unicode_decimal": 58921
    },
    {
      "icon_id": "33987017",
      "name": "定位",
      "font_class": "dingwei",
      "unicode": "e62a",
      "unicode_decimal": 58922
    },
    {
      "icon_id": "33987018",
      "name": "在线选房",
      "font_class": "zaixianxuanfang",
      "unicode": "e62b",
      "unicode_decimal": 58923
    },
    {
      "icon_id": "33987164",
      "name": "下拉",
      "font_class": "a-xiala2",
      "unicode": "e62c",
      "unicode_decimal": 58924
    },
    {
      "icon_id": "33987169",
      "name": "进入",
      "font_class": "jinru",
      "unicode": "e62d",
      "unicode_decimal": 58925
    },
    {
      "icon_id": "33987170",
      "name": "下拉",
      "font_class": "xiala",
      "unicode": "e62e",
      "unicode_decimal": 58926
    },
    {
      "icon_id": "33987171",
      "name": "提示",
      "font_class": "tishi",
      "unicode": "e62f",
      "unicode_decimal": 58927
    },
    {
      "icon_id": "35646044",
      "name": "MinusSquare",
      "font_class": "MinusSquare",
      "unicode": "e601",
      "unicode_decimal": 58881
    },
    {
      "icon_id": "35646045",
      "name": "PlusSquare",
      "font_class": "PlusSquare",
      "unicode": "e602",
      "unicode_decimal": 58882
    }
  ]
}
