{
  "id": "4090634",
  "name": "黑马111期",
  "font_family": "iconfont",
  "css_prefix_text": "icon-",
  "description": "",
  "glyphs": [
    {
      "icon_id": "1001",
      "name": "女人",
      "font_class": "nvren",
      "unicode": "e600",
      "unicode_decimal": 58880
    },
    {
      "icon_id": "357704",
      "name": "胡子男人",
      "font_class": "1",
      "unicode": "e602",
      "unicode_decimal": 58882
    },
    {
      "icon_id": "11372639",
      "name": "爱心",
      "font_class": "aixin",
      "unicode": "e8ab",
      "unicode_decimal": 59563
    },
    {
      "icon_id": "11372641",
      "name": "3D眼镜",
      "font_class": "Dyanjing",
      "unicode": "e8ac",
      "unicode_decimal": 59564
    },
    {
      "icon_id": "11372642",
      "name": "彩蛋",
      "font_class": "caidan",
      "unicode": "e8ad",
      "unicode_decimal": 59565
    },
    {
      "icon_id": "11372660",
      "name": "翻倍",
      "font_class": "fanbei",
      "unicode": "e8af",
      "unicode_decimal": 59567
    },
    {
      "icon_id": "11372662",
      "name": "儿童票",
      "font_class": "ertongpiao",
      "unicode": "e8b0",
      "unicode_decimal": 59568
    },
    {
      "icon_id": "11372674",
      "name": "关注",
      "font_class": "guanzhu",
      "unicode": "e8b1",
      "unicode_decimal": 59569
    }
  ]
}
